{
  "test_loss": 0.19828307628631592,
  "test_accuracy": 0.914009690284729,
  "sklearn_accuracy": 0.9140096618357488,
  "confusion_matrix": [
    [
      647,
      88
    ],
    [
      1,
      299
    ]
  ],
  "classification_report": {
    "ham": {
      "precision": 0.9984567901234568,
      "recall": 0.8802721088435375,
      "f1-score": 0.935647143890094,
      "support": 735.0
    },
    "spam": {
      "precision": 0.772609819121447,
      "recall": 0.9966666666666667,
      "f1-score": 0.8704512372634643,
      "support": 300.0
    },
    "accuracy": 0.9140096618357488,
    "macro avg": {
      "precision": 0.8855333046224518,
      "recall": 0.938469387755102,
      "f1-score": 0.9030491905767791,
      "support": 1035.0
    },
    "weighted avg": {
      "precision": 0.9329938999779467,
      "recall": 0.9140096618357488,
      "f1-score": 0.9167497796504913,
      "support": 1035.0
    }
  },
  "epochs": 5,
  "max_len": 100,
  "max_words": 10000
}